http_code;content_type;url;local_file
200;audio/wav;https://imchloekang.com/audio/ost/11.%20Spright%20-%20Sweet%20Land%20OST.wav;C:\Users\david\Downloads\sweetland-portfolio_live\public\audio\ost\11. Spright - Sweet Land OST.wav
200;audio/wav;https://imchloekang.com/audio/ost/12.%20Whimsy%20-%20Sweet%20Land%20OST.wav;C:\Users\david\Downloads\sweetland-portfolio_live\public\audio\ost\12. Whimsy - Sweet Land OST.wav
200;audio/wav;https://imchloekang.com/audio/ost/13.%20Candyvale%20-%20Sweet%20Land%20OST.wav;C:\Users\david\Downloads\sweetland-portfolio_live\public\audio\ost\13. Candyvale - Sweet Land OST.wav
200;audio/wav;https://imchloekang.com/audio/ost/14.%20Fairyland%20End%20-%20Sweet%20Land%20OST.wav;C:\Users\david\Downloads\sweetland-portfolio_live\public\audio\ost\14. Fairyland End - Sweet Land OST.wav
200;audio/wav;https://imchloekang.com/audio/ost/2.%20Fairyland%20-%20Sweet%20Land%20OST.wav;C:\Users\david\Downloads\sweetland-portfolio_live\public\audio\ost\2. Fairyland - Sweet Land OST.wav
200;audio/wav;https://imchloekang.com/audio/ost/3.%20Enchant%20-%20Sweet%20Land%20OST.wav;C:\Users\david\Downloads\sweetland-portfolio_live\public\audio\ost\3. Enchant - Sweet Land OST.wav
200;audio/wav;https://imchloekang.com/audio/ost/4.%20Sugarsteps%20-%20Sweet%20Land%20OST.wav;C:\Users\david\Downloads\sweetland-portfolio_live\public\audio\ost\4. Sugarsteps - Sweet Land OST.wav
200;audio/wav;https://imchloekang.com/audio/ost/5.%20Jubilee%20-%20Sweet%20Land%20OST.wav;C:\Users\david\Downloads\sweetland-portfolio_live\public\audio\ost\5. Jubilee - Sweet Land OST.wav
200;audio/wav;https://imchloekang.com/audio/ost/6.%20Bubblestep%20-%20Sweet%20Land%20OST.wav;C:\Users\david\Downloads\sweetland-portfolio_live\public\audio\ost\6. Bubblestep - Sweet Land OST.wav
200;audio/wav;https://imchloekang.com/audio/ost/7.%20Bubblebounce%20-%20Sweet%20Land%20OST.wav;C:\Users\david\Downloads\sweetland-portfolio_live\public\audio\ost\7. Bubblebounce - Sweet Land OST.wav
200;audio/wav;https://imchloekang.com/audio/ost/8.%20Whirl%20-%20Sweet%20Land%20OST.wav;C:\Users\david\Downloads\sweetland-portfolio_live\public\audio\ost\8. Whirl - Sweet Land OST.wav
200;audio/wav;https://imchloekang.com/audio/ost/9.%20Sweet%20Paradise%20-%20Sweet%20Land%20OST.wav;C:\Users\david\Downloads\sweetland-portfolio_live\public\audio\ost\9. Sweet Paradise - Sweet Land OST.wav
200;audio/wav;https://imchloekang.com/audio/ost/bubblebounce.wav;C:\Users\david\Downloads\sweetland-portfolio_live\public\audio\ost\bubblebounce.wav
200;audio/wav;https://imchloekang.com/audio/ost/bubblestep.wav;C:\Users\david\Downloads\sweetland-portfolio_live\public\audio\ost\bubblestep.wav
200;audio/wav;https://imchloekang.com/audio/ost/candyvale.wav;C:\Users\david\Downloads\sweetland-portfolio_live\public\audio\ost\candyvale.wav
200;audio/wav;https://imchloekang.com/audio/ost/enchant.wav;C:\Users\david\Downloads\sweetland-portfolio_live\public\audio\ost\enchant.wav
200;audio/wav;https://imchloekang.com/audio/ost/fairyland.wav;C:\Users\david\Downloads\sweetland-portfolio_live\public\audio\ost\fairyland.wav
200;audio/wav;https://imchloekang.com/audio/ost/fairyland_end.wav;C:\Users\david\Downloads\sweetland-portfolio_live\public\audio\ost\fairyland_end.wav
200;audio/wav;https://imchloekang.com/audio/ost/jubilee.wav;C:\Users\david\Downloads\sweetland-portfolio_live\public\audio\ost\jubilee.wav
200;audio/wav;https://imchloekang.com/audio/ost/melanchoney.wav;C:\Users\david\Downloads\sweetland-portfolio_live\public\audio\ost\melanchoney.wav
200;audio/wav;https://imchloekang.com/audio/ost/spright.wav;C:\Users\david\Downloads\sweetland-portfolio_live\public\audio\ost\spright.wav
200;audio/wav;https://imchloekang.com/audio/ost/sugarsteps.wav;C:\Users\david\Downloads\sweetland-portfolio_live\public\audio\ost\sugarsteps.wav
200;audio/wav;https://imchloekang.com/audio/ost/sweet_paradise.wav;C:\Users\david\Downloads\sweetland-portfolio_live\public\audio\ost\sweet_paradise.wav
200;audio/wav;https://imchloekang.com/audio/ost/whimsy.wav;C:\Users\david\Downloads\sweetland-portfolio_live\public\audio\ost\whimsy.wav
200;audio/wav;https://imchloekang.com/audio/ost/whirl.wav;C:\Users\david\Downloads\sweetland-portfolio_live\public\audio\ost\whirl.wav
200;audio/wav;https://imchloekang.com/audio/ost/wonderland.wav;C:\Users\david\Downloads\sweetland-portfolio_live\public\audio\ost\wonderland.wav
200;audio/wav;https://imchloekang.com/audio/sfx/All_jump.wav;C:\Users\david\Downloads\sweetland-portfolio_live\public\audio\sfx\All_jump.wav
200;audio/wav;https://imchloekang.com/audio/sfx/Batut/All_jump_spring.wav;C:\Users\david\Downloads\sweetland-portfolio_live\public\audio\sfx\Batut\All_jump_spring.wav
200;audio/wav;https://imchloekang.com/audio/sfx/Grummy/Grummy_Dance.wav;C:\Users\david\Downloads\sweetland-portfolio_live\public\audio\sfx\Grummy\Grummy_Dance.wav
200;audio/wav;https://imchloekang.com/audio/sfx/Grummy/Grummy_Dance_loop.wav;C:\Users\david\Downloads\sweetland-portfolio_live\public\audio\sfx\Grummy\Grummy_Dance_loop.wav
200;audio/wav;https://imchloekang.com/audio/sfx/Grummy/Grummy_Run.wav;C:\Users\david\Downloads\sweetland-portfolio_live\public\audio\sfx\Grummy\Grummy_Run.wav
200;audio/wav;https://imchloekang.com/audio/sfx/Grummy/Grummy_Step.wav;C:\Users\david\Downloads\sweetland-portfolio_live\public\audio\sfx\Grummy\Grummy_Step.wav
200;audio/wav;https://imchloekang.com/audio/sfx/Marshie/Marshies_Dance.wav;C:\Users\david\Downloads\sweetland-portfolio_live\public\audio\sfx\Marshie\Marshies_Dance.wav
200;audio/wav;https://imchloekang.com/audio/sfx/Marshie/Marshies_dance_loop.wav;C:\Users\david\Downloads\sweetland-portfolio_live\public\audio\sfx\Marshie\Marshies_dance_loop.wav
200;audio/wav;https://imchloekang.com/audio/sfx/Marshie/Marshies_Hi.wav;C:\Users\david\Downloads\sweetland-portfolio_live\public\audio\sfx\Marshie\Marshies_Hi.wav
200;audio/wav;https://imchloekang.com/audio/sfx/Marshie/Marshies_Step1.wav;C:\Users\david\Downloads\sweetland-portfolio_live\public\audio\sfx\Marshie\Marshies_Step1.wav
200;audio/wav;https://imchloekang.com/audio/sfx/Marshie/Marshies_Step2.wav;C:\Users\david\Downloads\sweetland-portfolio_live\public\audio\sfx\Marshie\Marshies_Step2.wav
200;audio/wav;https://imchloekang.com/audio/sfx/Marshie/Marshies_Step3.wav;C:\Users\david\Downloads\sweetland-portfolio_live\public\audio\sfx\Marshie\Marshies_Step3.wav
200;audio/wav;https://imchloekang.com/audio/sfx/Marshie/Marshies_Step4.wav;C:\Users\david\Downloads\sweetland-portfolio_live\public\audio\sfx\Marshie\Marshies_Step4.wav
200;audio/wav;https://imchloekang.com/audio/sfx/music/music.wav;C:\Users\david\Downloads\sweetland-portfolio_live\public\audio\sfx\music\music.wav
200;audio/wav;https://imchloekang.com/audio/sfx/PickUpItems/Coin.wav;C:\Users\david\Downloads\sweetland-portfolio_live\public\audio\sfx\PickUpItems\Coin.wav
200;audio/wav;https://imchloekang.com/audio/sfx/PickUpItems/Pick_up.wav;C:\Users\david\Downloads\sweetland-portfolio_live\public\audio\sfx\PickUpItems\Pick_up.wav
200;audio/wav;https://imchloekang.com/audio/sfx/SweetBloom/Sweetbloom_idle_loop.wav;C:\Users\david\Downloads\sweetland-portfolio_live\public\audio\sfx\SweetBloom\Sweetbloom_idle_loop.wav
200;audio/wav;https://imchloekang.com/audio/sfx/Teleport/Portal_in.wav;C:\Users\david\Downloads\sweetland-portfolio_live\public\audio\sfx\Teleport\Portal_in.wav
200;audio/wav;https://imchloekang.com/audio/sfx/Teleport/Portal_out.wav;C:\Users\david\Downloads\sweetland-portfolio_live\public\audio\sfx\Teleport\Portal_out.wav
